{
  "project_info": {
    "project_number": "704228076588",
    "firebase_url": "https://project-2107614553221288902.firebaseio.com",
    "project_id": "project-2107614553221288902",
    "storage_bucket": "project-2107614553221288902.appspot.com"
  },
  "client": [
    {
      "client_info": {
        "mobilesdk_app_id": "1:704228076588:android:c976858561b7f90a",
        "android_client_info": {
          "package_name": "com.example.a1398_fitness"
        }
      },
      "oauth_client": [
        {
          "client_id": "704228076588-7ccc7ov2ggl77cc31v9vrj8bcbgk4ve9.apps.googleusercontent.com",
          "client_type": 1,
          "android_info": {
            "package_name": "com.example.a1398_fitness",
            "certificate_hash": "cc1282e500251e23d19f32d64e6289db0b67256f"
          }
        },
        {
          "client_id": "704228076588-m6lqvi6iu2nltjrl7kbisd5cjtcc1n79.apps.googleusercontent.com",
          "client_type": 3
        }
      ],
      "api_key": [
        {
          "current_key": "AIzaSyBQrsZ_VWCRL38R9_PlJ4MAkoUN3iprhmM"
        }
      ],
      "services": {
        "appinvite_service": {
          "other_platform_oauth_client": [
            {
              "client_id": "704228076588-m6lqvi6iu2nltjrl7kbisd5cjtcc1n79.apps.googleusercontent.com",
              "client_type": 3
            }
          ]
        }
      }
    }
  ],
  "configuration_version": "1"
}